{
  "files": {
    "/Users/eli.mordechaihp.com/Documents/cat-project/target/reminder/index.html": {
      "catImport": {
        "name": ["catImport"],
        "import": ["/cat/lib/cat.js", "/cat/lib/cat.css", "/cat/lib/cat.src.js"],
        "file": "/Users/eli.mordechaihp.com/Documents/cat-project/target/reminder/index.html",
        "scrapinfo": {
          "start": {
            "line": 21,
            "col": 4
          },
          "end": {
            "line": 28,
            "col": 6
          }
        },
        "commentinfo": {
          "start": {
            "line": 20,
            "col": 0
          },
          "end": {
            "line": 29,
            "col": 3
          }
        },
        "single": {
          "name": true,
          "import": false,
          "file": true,
          "scrapinfo": true,
          "commentinfo": true,
          "single": true,
          "singleton": true,
          "arguments": true,
          "context": false,
          "auto": true,
          "injectcode": true,
          "id": true,
          "$type": true
        },
        "singleton": {
          "name": -1,
          "import": -1,
          "file": -1,
          "scrapinfo": -1,
          "commentinfo": -1,
          "single": -1,
          "singleton": -1,
          "arguments": -1,
          "context": 1,
          "auto": -1,
          "injectcode": -1,
          "id": -1,
          "$type": -1
        },
        "arguments": ["thi$"],
        "context": ["thi$"],
        "auto": false,
        "injectcode": false,
        "id": "scrap_c5d3daae-896a-3425-435d-5b7bab3cb42e",
        "$type": "html",
        "injectinfo": {
          "start": {
            "line": 29,
            "col": 3
          },
          "end": {
            "line": 29,
            "col": 432
          }
        }
      },
      "loginold": {
        "name": ["loginold"],
        "embed": ["true"],
        "jqm": ["setText(\"#username\", \"admin\");", "setText(\"#password\", \"iamadmin\");", "clickButton(\"#loginbtn\");"],
        "file": "/Users/eli.mordechaihp.com/Documents/cat-project/target/reminder/index.html",
        "scrapinfo": {
          "start": {
            "line": 33,
            "col": 0
          },
          "end": {
            "line": 39,
            "col": 4
          }
        },
        "commentinfo": {
          "start": {
            "line": 32,
            "col": 0
          },
          "end": {
            "line": 40,
            "col": 3
          }
        },
        "single": {
          "name": true,
          "embed": true,
          "jqm": false,
          "file": true,
          "scrapinfo": true,
          "commentinfo": true,
          "single": true,
          "singleton": true,
          "arguments": true,
          "context": false,
          "auto": true,
          "injectcode": true,
          "id": true,
          "$type": true,
          "numCommands": true
        },
        "singleton": {
          "name": -1,
          "embed": -1,
          "jqm": -1,
          "file": -1,
          "scrapinfo": -1,
          "commentinfo": -1,
          "single": -1,
          "singleton": -1,
          "arguments": -1,
          "context": 1,
          "auto": -1,
          "injectcode": -1,
          "id": -1,
          "$type": -1,
          "numCommands": -1
        },
        "arguments": ["thi$"],
        "context": ["thi$"],
        "auto": true,
        "injectcode": false,
        "id": "scrap_16930807-a8ba-ad7f-0491-a567ac76203a",
        "$type": "html",
        "numCommands": 4,
        "pkgName": "reminder.index.html.loginold",
        "injectinfo": {
          "start": {
            "line": 40,
            "col": 3
          },
          "end": {
            "line": 40,
            "col": 92
          }
        }
      },
      "login": {
        "name": ["login"],
        "embed": ["true"],
        "jqm": ["setText(\"#username\", \"admin\");", "setText(\"#password\", \"iamadmin\");", "clickButton(\"#loginbtn\");"],
        "assert": ["ok($.mobile.activePage.attr(\"id\")==\"reminders\",\"login failed\");"],
        "file": "/Users/eli.mordechaihp.com/Documents/cat-project/target/reminder/index.html",
        "scrapinfo": {
          "start": {
            "line": 43,
            "col": 0
          },
          "end": {
            "line": 50,
            "col": 4
          }
        },
        "commentinfo": {
          "start": {
            "line": 42,
            "col": 0
          },
          "end": {
            "line": 51,
            "col": 3
          }
        },
        "single": {
          "name": true,
          "embed": true,
          "jqm": false,
          "assert": false,
          "file": true,
          "scrapinfo": true,
          "commentinfo": true,
          "single": true,
          "singleton": true,
          "arguments": true,
          "context": false,
          "auto": true,
          "injectcode": true,
          "id": true,
          "$type": true,
          "numCommands": true
        },
        "singleton": {
          "name": -1,
          "embed": -1,
          "jqm": -1,
          "assert": -1,
          "file": -1,
          "scrapinfo": -1,
          "commentinfo": -1,
          "single": -1,
          "singleton": -1,
          "arguments": -1,
          "context": 1,
          "auto": -1,
          "injectcode": -1,
          "id": -1,
          "$type": -1,
          "numCommands": -1
        },
        "arguments": ["thi$"],
        "context": ["thi$"],
        "auto": true,
        "injectcode": false,
        "id": "scrap_4687e14d-6c3e-a58d-61c5-c6aceb60176b",
        "$type": "html",
        "numCommands": 5,
        "pkgName": "reminder.index.html.login",
        "injectinfo": {
          "start": {
            "line": 51,
            "col": 3
          },
          "end": {
            "line": 51,
            "col": 89
          }
        }
      },
      "add_reminder": {
        "name": ["add_reminder"],
        "embed": ["true"],
        "jqm": ["clickButton(\"#createreminderbtn\");", "setText(\"#eventname\", \"Apple iPhone Big Announcement\");", "setText(\"#datetime-l\", \"2014-09-09T10:00\");", "selectMenu(\"#rtype\",3);", "clickButton(\"#addreminderbtn\");"],
        "assert": ["ok($(\"#remindlist li[caption=\\\"Apple iPhone Big Announcement\\\"] a[title=\\\"delete\\\"]\").size()==1,\"create new reminder failed\");"],
        "file": "/Users/eli.mordechaihp.com/Documents/cat-project/target/reminder/index.html",
        "scrapinfo": {
          "start": {
            "line": 54,
            "col": 0
          },
          "end": {
            "line": 63,
            "col": 2
          }
        },
        "commentinfo": {
          "start": {
            "line": 53,
            "col": 0
          },
          "end": {
            "line": 64,
            "col": 3
          }
        },
        "single": {
          "name": true,
          "embed": true,
          "jqm": false,
          "assert": false,
          "file": true,
          "scrapinfo": true,
          "commentinfo": true,
          "single": true,
          "singleton": true,
          "arguments": true,
          "context": false,
          "auto": true,
          "injectcode": true,
          "id": true,
          "$type": true,
          "numCommands": true
        },
        "singleton": {
          "name": -1,
          "embed": -1,
          "jqm": -1,
          "assert": -1,
          "file": -1,
          "scrapinfo": -1,
          "commentinfo": -1,
          "single": -1,
          "singleton": -1,
          "arguments": -1,
          "context": 1,
          "auto": -1,
          "injectcode": -1,
          "id": -1,
          "$type": -1,
          "numCommands": -1
        },
        "arguments": ["thi$"],
        "context": ["thi$"],
        "auto": true,
        "injectcode": false,
        "id": "scrap_d45bee56-6e44-d018-f7dd-d99fba23467f",
        "$type": "html",
        "numCommands": 7,
        "pkgName": "reminder.index.html.add_reminder",
        "injectinfo": {
          "start": {
            "line": 64,
            "col": 3
          },
          "end": {
            "line": 64,
            "col": 96
          }
        }
      },
      "delete_reminder": {
        "name": ["delete_reminder"],
        "embed": ["true"],
        "jqm": ["click($(\"#remindlist li[caption=\\\"Apple iPhone Big Announcement\\\"] a[title=\\\"delete\\\"]\"));"],
        "assert": ["ok($(\"#remindlist li[caption=\\\"Apple iPhone Big Announcement\\\"] a[title=\\\"delete\\\"]\").size() == 0,\"delete reminder failed\");"],
        "file": "/Users/eli.mordechaihp.com/Documents/cat-project/target/reminder/index.html",
        "scrapinfo": {
          "start": {
            "line": 67,
            "col": 0
          },
          "end": {
            "line": 72,
            "col": 2
          }
        },
        "commentinfo": {
          "start": {
            "line": 66,
            "col": 0
          },
          "end": {
            "line": 73,
            "col": 3
          }
        },
        "single": {
          "name": true,
          "embed": true,
          "jqm": false,
          "assert": false,
          "file": true,
          "scrapinfo": true,
          "commentinfo": true,
          "single": true,
          "singleton": true,
          "arguments": true,
          "context": false,
          "auto": true,
          "injectcode": true,
          "id": true,
          "$type": true,
          "numCommands": true
        },
        "singleton": {
          "name": -1,
          "embed": -1,
          "jqm": -1,
          "assert": -1,
          "file": -1,
          "scrapinfo": -1,
          "commentinfo": -1,
          "single": -1,
          "singleton": -1,
          "arguments": -1,
          "context": 1,
          "auto": -1,
          "injectcode": -1,
          "id": -1,
          "$type": -1,
          "numCommands": -1
        },
        "arguments": ["thi$"],
        "context": ["thi$"],
        "auto": true,
        "injectcode": false,
        "id": "scrap_661bef0b-b544-8921-4049-5d358ea31677",
        "$type": "html",
        "numCommands": 3,
        "pkgName": "reminder.index.html.delete_reminder",
        "injectinfo": {
          "start": {
            "line": 73,
            "col": 3
          },
          "end": {
            "line": 73,
            "col": 99
          }
        }
      },
      "logout": {
        "name": ["logout"],
        "embed": ["true"],
        "jqm": ["clickButton(\"#logoutbtn\");"],
        "assert": ["ok($.mobile.activePage.attr(\"id\")==\"login\",\"logout failed\");"],
        "file": "/Users/eli.mordechaihp.com/Documents/cat-project/target/reminder/index.html",
        "scrapinfo": {
          "start": {
            "line": 76,
            "col": 0
          },
          "end": {
            "line": 81,
            "col": 2
          }
        },
        "commentinfo": {
          "start": {
            "line": 75,
            "col": 0
          },
          "end": {
            "line": 82,
            "col": 3
          }
        },
        "single": {
          "name": true,
          "embed": true,
          "jqm": false,
          "assert": false,
          "file": true,
          "scrapinfo": true,
          "commentinfo": true,
          "single": true,
          "singleton": true,
          "arguments": true,
          "context": false,
          "auto": true,
          "injectcode": true,
          "id": true,
          "$type": true,
          "numCommands": true
        },
        "singleton": {
          "name": -1,
          "embed": -1,
          "jqm": -1,
          "assert": -1,
          "file": -1,
          "scrapinfo": -1,
          "commentinfo": -1,
          "single": -1,
          "singleton": -1,
          "arguments": -1,
          "context": 1,
          "auto": -1,
          "injectcode": -1,
          "id": -1,
          "$type": -1,
          "numCommands": -1
        },
        "arguments": ["thi$"],
        "context": ["thi$"],
        "auto": true,
        "injectcode": false,
        "id": "scrap_f96ce60c-bcb8-61e1-4e2e-3cbc315d6c7d",
        "$type": "html",
        "numCommands": 3,
        "pkgName": "reminder.index.html.logout",
        "injectinfo": {
          "start": {
            "line": 82,
            "col": 3
          },
          "end": {
            "line": 82,
            "col": 90
          }
        }
      }
    }
  },
  "project": {
    "basepath": "/Users/eli.mordechaihp.com/Documents/cat-project/target/",
    "resources": []
  }
}