{
    "name": "reminder",

    "source": "src/",
    "target": "target/",
    "cattarget": "./",

    "host": "localhost",
    "port": "8089",
    "protocol": "http",
    "analytics" : "Y",
    "apppath": "../jqmdemo",
    "appserver": {
        "host": "localhost",
        "port": "8089",
        "protocol": "http"
    },
    "runner" : {
        "run" : {
          "devices" : [

            {
              "type" : "iphone",
              "disable" : false,
              "id" : "all",
              "runner" : {
                "name" : "agent",
                "options" : {"ip" : "192.168.0.101", "port" : "54321", "path" : "/cat"}
              }
            }

          ]
        },
        "server" : {
          "host" : "192.168.0.100",
          "port" : "8089"
        }
    },
    "plugins": [

    ],

    "tasks": [

    ]


}
